[{"model": "app.housing", "pk": 1, "fields": {"image": "cover/Venable_Cover.jfif", "name": "Veneable Apartments", "address": "409 14th St NW, Charlottesville, VA 22903", "lat": 38.037913, "long": -78.49757, "housing_type": "Apartment", "pub_date": "2021-10-27T20:11:47Z", "admin_check": false}}, {"model": "app.housing", "pk": 2, "fields": {"image": "cover/605_14th_St_NW_Cover.jpg", "name": "605 14th St NW", "address": "605 14th St NW, Charlottesville, VA 22903", "lat": 38.040509, "long": -78.496212, "housing_type": "House", "pub_date": "2021-10-27T20:31:10Z", "admin_check": false}}, {"model": "app.housing", "pk": 3, "fields": {"image": "cover/Grandmarc_Cover.jpg", "name": "Grandmarc", "address": "301 15th St NW, Charlottesville, VA 22903", "lat": 38.037343, "long": -78.499568, "housing_type": "Apartment", "pub_date": "2021-10-27T20:31:31Z", "admin_check": false}}, {"model": "app.housing_people", "pk": 2, "fields": {"people": 1}}, {"model": "app.housing_people", "pk": 5, "fields": {"people": 2}}, {"model": "app.housing_people", "pk": 6, "fields": {"people": 3}}, {"model": "app.housing_people", "pk": 8, "fields": {"people": 4}}, {"model": "app.housing_people", "pk": 9, "fields": {"people": 5}}, {"model": "app.housing_bed", "pk": 1, "fields": {"beds": 1}}, {"model": "app.housing_bed", "pk": 2, "fields": {"beds": 2}}, {"model": "app.housing_bed", "pk": 5, "fields": {"beds": 3}}, {"model": "app.housing_bed", "pk": 6, "fields": {"beds": 4}}, {"model": "app.housing_bed", "pk": 7, "fields": {"beds": 5}}, {"model": "app.housing_bath", "pk": 2, "fields": {"baths": 1}}, {"model": "app.housing_bath", "pk": 4, "fields": {"baths": 2}}, {"model": "app.housing_bath", "pk": 5, "fields": {"baths": 3}}, {"model": "app.housing_bath", "pk": 7, "fields": {"baths": 4}}, {"model": "app.style", "pk": 1, "fields": {"name": 3, "people": 2, "beds": 1, "baths": 2, "rent": 1535}}, {"model": "app.style", "pk": 8, "fields": {"name": 1, "people": 6, "beds": 5, "baths": 5, "rent": 2865}}, {"model": "app.style", "pk": 9, "fields": {"name": 1, "people": 6, "beds": 5, "baths": 4, "rent": 2700}}, {"model": "app.style", "pk": 12, "fields": {"name": 3, "people": 5, "beds": 1, "baths": 2, "rent": 1620}}, {"model": "app.style", "pk": 13, "fields": {"name": 3, "people": 8, "beds": 2, "baths": 4, "rent": 2700}}, {"model": "app.style", "pk": 14, "fields": {"name": 3, "people": 5, "beds": 2, "baths": 4, "rent": 2130}}, {"model": "app.style", "pk": 15, "fields": {"name": 3, "people": 8, "beds": 6, "baths": 7, "rent": 4140}}, {"model": "app.style", "pk": 16, "fields": {"name": 2, "people": 9, "beds": 7, "baths": 4, "rent": 4800}}, {"model": "app.style", "pk": 17, "fields": {"name": 1, "people": 5, "beds": 2, "baths": 4, "rent": 1985}}, {"model": "app.style", "pk": 18, "fields": {"name": 1, "people": 8, "beds": 5, "baths": 4, "rent": 2700}}, {"model": "app.style", "pk": 19, "fields": {"name": 1, "people": 8, "beds": 6, "baths": 4, "rent": 3475}}, {"model": "app.amenity", "pk": 1, "fields": {"name": 3, "amenities": "Air Conditioning,Internet,Disability Access,Intercom,Exterior Lighting,Security System,Smoke Free,Washing Machine,Dryer,Furnished,Hardwood Floor,Dishwasher,Gym,Pool", "utilities": "Water,Sewer,Trash"}}, {"model": "app.amenity", "pk": 2, "fields": {"name": 1, "amenities": "Air Conditioning,Internet,Disability Access,Smoke Free,Washing Machine,Dryer,Hardwood Floor,Dishwasher,Patio/Balcony", "utilities": "Water,Sewer,Trash"}}, {"model": "app.amenity", "pk": 3, "fields": {"name": 2, "amenities": "Air Conditioning,Internet,Disability Access,Smoke Free,Washing Machine,Dryer,Hardwood Floor,Dishwasher,Garden,Patio/Balcony", "utilities": "Sewer,Gas,Trash"}}, {"model": "app.review", "pk": 1, "fields": {"housing": 3, "review": "Very good place!", "rating": 5, "date_added": "2021-11-16T02:37:56.280Z", "active": true}}, {"model": "app.images", "pk": 1, "fields": {"name": 3, "pic1": "gallery/Grandmarc1.png", "pic2": "gallery/Grandmarc2.png", "pic3": "gallery/Grandmarc3.png"}}, {"model": "admin.logentry", "pk": 1, "fields": {"action_time": "2021-10-14T19:00:16.217Z", "user": 1, "content_type": 7, "object_id": "3", "object_repr": "127.0.0.1:8000", "action_flag": 1, "change_message": "[{\"added\": {}}]"}}, {"model": "admin.logentry", "pk": 2, "fields": {"action_time": "2021-10-14T19:01:47.084Z", "user": 1, "content_type": 11, "object_id": "1", "object_repr": "Off Grounds Housing", "action_flag": 1, "change_message": "[{\"added\": {}}]"}}, {"model": "admin.logentry", "pk": 3, "fields": {"action_time": "2021-10-14T19:03:47.549Z", "user": 1, "content_type": 7, "object_id": "3", "object_repr": "127.0.0.1:8000", "action_flag": 2, "change_message": "[]"}}, {"model": "admin.logentry", "pk": 4, "fields": {"action_time": "2021-10-14T19:43:21.461Z", "user": 1, "content_type": 11, "object_id": "1", "object_repr": "Off Grounds Housing", "action_flag": 2, "change_message": "[]"}}, {"model": "admin.logentry", "pk": 5, "fields": {"action_time": "2021-10-27T20:10:54.010Z", "user": 3, "content_type": 15, "object_id": "1", "object_repr": "Pool", "action_flag": 1, "change_message": "[{\"added\": {}}]"}}, {"model": "admin.logentry", "pk": 6, "fields": {"action_time": "2021-10-27T20:11:01.320Z", "user": 3, "content_type": 15, "object_id": "2", "object_repr": "Washer/Dryer", "action_flag": 1, "change_message": "[{\"added\": {}}]"}}, {"model": "admin.logentry", "pk": 7, "fields": {"action_time": "2021-10-27T20:11:05.145Z", "user": 3, "content_type": 15, "object_id": "3", "object_repr": "Balcony", "action_flag": 1, "change_message": "[{\"added\": {}}]"}}, {"model": "admin.logentry", "pk": 8, "fields": {"action_time": "2021-10-27T20:11:09.328Z", "user": 3, "content_type": 15, "object_id": "4", "object_repr": "Gym", "action_flag": 1, "change_message": "[{\"added\": {}}]"}}, {"model": "admin.logentry", "pk": 9, "fields": {"action_time": "2021-10-27T20:11:17.333Z", "user": 3, "content_type": 15, "object_id": "5", "object_repr": "Air conditioning", "action_flag": 1, "change_message": "[{\"added\": {}}]"}}, {"model": "admin.logentry", "pk": 10, "fields": {"action_time": "2021-10-27T20:11:56.492Z", "user": 3, "content_type": 14, "object_id": "1", "object_repr": "Veneable Apartments", "action_flag": 1, "change_message": "[{\"added\": {}}]"}}, {"model": "admin.logentry", "pk": 11, "fields": {"action_time": "2021-10-27T20:14:20.242Z", "user": 3, "content_type": 13, "object_id": "1", "object_repr": "Style object (1)", "action_flag": 1, "change_message": "[{\"added\": {}}]"}}, {"model": "admin.logentry", "pk": 12, "fields": {"action_time": "2021-10-27T20:31:14.383Z", "user": 3, "content_type": 14, "object_id": "2", "object_repr": "605 14th St NW", "action_flag": 1, "change_message": "[{\"added\": {}}]"}}, {"model": "admin.logentry", "pk": 13, "fields": {"action_time": "2021-10-27T20:31:35.748Z", "user": 3, "content_type": 14, "object_id": "3", "object_repr": "Grandmarc", "action_flag": 1, "change_message": "[{\"added\": {}}]"}}, {"model": "admin.logentry", "pk": 14, "fields": {"action_time": "2021-10-27T21:16:52.507Z", "user": 3, "content_type": 13, "object_id": "2", "object_repr": "Grandmarc", "action_flag": 1, "change_message": "[{\"added\": {}}]"}}, {"model": "admin.logentry", "pk": 15, "fields": {"action_time": "2021-10-31T23:16:07.498Z", "user": 3, "content_type": 13, "object_id": "2", "object_repr": "Grandmarc", "action_flag": 2, "change_message": "[{\"changed\": {\"fields\": [\"Rent\"]}}]"}}, {"model": "admin.logentry", "pk": 16, "fields": {"action_time": "2021-10-31T23:16:19.815Z", "user": 3, "content_type": 13, "object_id": "3", "object_repr": "Veneable Apartments", "action_flag": 1, "change_message": "[{\"added\": {}}]"}}, {"model": "admin.logentry", "pk": 17, "fields": {"action_time": "2021-10-31T23:16:37.286Z", "user": 3, "content_type": 13, "object_id": "4", "object_repr": "Veneable Apartments", "action_flag": 1, "change_message": "[{\"added\": {}}]"}}, {"model": "admin.logentry", "pk": 18, "fields": {"action_time": "2021-10-31T23:16:52.054Z", "user": 3, "content_type": 13, "object_id": "5", "object_repr": "605 14th St NW", "action_flag": 1, "change_message": "[{\"added\": {}}]"}}, {"model": "admin.logentry", "pk": 19, "fields": {"action_time": "2021-10-31T23:17:12.333Z", "user": 3, "content_type": 13, "object_id": "6", "object_repr": "Grandmarc", "action_flag": 1, "change_message": "[{\"added\": {}}]"}}, {"model": "admin.logentry", "pk": 20, "fields": {"action_time": "2021-10-31T23:17:29.331Z", "user": 3, "content_type": 13, "object_id": "2", "object_repr": "Grandmarc", "action_flag": 2, "change_message": "[{\"changed\": {\"fields\": [\"Rent\"]}}]"}}, {"model": "admin.logentry", "pk": 21, "fields": {"action_time": "2021-11-05T16:53:01.479Z", "user": 1, "content_type": 15, "object_id": "6", "object_repr": "Gym", "action_flag": 1, "change_message": "[{\"added\": {}}]"}}, {"model": "admin.logentry", "pk": 22, "fields": {"action_time": "2021-11-05T16:53:14.949Z", "user": 1, "content_type": 15, "object_id": "6", "object_repr": "Gym", "action_flag": 3, "change_message": ""}}, {"model": "admin.logentry", "pk": 23, "fields": {"action_time": "2021-11-05T17:39:02.354Z", "user": 1, "content_type": 14, "object_id": "3", "object_repr": "Grandmarc", "action_flag": 2, "change_message": "[{\"changed\": {\"fields\": [\"Amenities\"]}}]"}}, {"model": "admin.logentry", "pk": 24, "fields": {"action_time": "2021-11-05T17:39:27.934Z", "user": 1, "content_type": 14, "object_id": "1", "object_repr": "Veneable Apartments", "action_flag": 2, "change_message": "[{\"changed\": {\"fields\": [\"Amenities\"]}}]"}}, {"model": "admin.logentry", "pk": 25, "fields": {"action_time": "2021-11-05T17:39:45.361Z", "user": 1, "content_type": 14, "object_id": "2", "object_repr": "605 14th St NW", "action_flag": 2, "change_message": "[{\"changed\": {\"fields\": [\"Amenities\"]}}]"}}, {"model": "admin.logentry", "pk": 26, "fields": {"action_time": "2021-11-05T17:45:01.390Z", "user": 1, "content_type": 14, "object_id": "3", "object_repr": "Grandmarc", "action_flag": 2, "change_message": "[{\"changed\": {\"fields\": [\"Utilities\"]}}]"}}, {"model": "admin.logentry", "pk": 27, "fields": {"action_time": "2021-11-05T17:45:13.636Z", "user": 1, "content_type": 14, "object_id": "1", "object_repr": "Veneable Apartments", "action_flag": 2, "change_message": "[{\"changed\": {\"fields\": [\"Utilities\"]}}]"}}, {"model": "admin.logentry", "pk": 28, "fields": {"action_time": "2021-11-05T17:45:25.791Z", "user": 1, "content_type": 14, "object_id": "2", "object_repr": "605 14th St NW", "action_flag": 2, "change_message": "[{\"changed\": {\"fields\": [\"Utilities\"]}}]"}}, {"model": "admin.logentry", "pk": 29, "fields": {"action_time": "2021-11-05T18:32:19.440Z", "user": 1, "content_type": 14, "object_id": "3", "object_repr": "Grandmarc", "action_flag": 2, "change_message": "[{\"changed\": {\"fields\": [\"Address\", \"People\", \"Beds\", \"Baths\", \"Min rent\", \"Max rent\"]}}]"}}, {"model": "admin.logentry", "pk": 30, "fields": {"action_time": "2021-11-05T18:33:08.437Z", "user": 1, "content_type": 14, "object_id": "1", "object_repr": "Veneable Apartments", "action_flag": 2, "change_message": "[{\"changed\": {\"fields\": [\"People\", \"Beds\", \"Baths\", \"Min rent\", \"Max rent\"]}}]"}}, {"model": "admin.logentry", "pk": 31, "fields": {"action_time": "2021-11-05T18:36:38.414Z", "user": 1, "content_type": 14, "object_id": "2", "object_repr": "605 14th St NW", "action_flag": 2, "change_message": "[{\"changed\": {\"fields\": [\"People\", \"Beds\", \"Baths\", \"Min rent\", \"Max rent\"]}}]"}}, {"model": "admin.logentry", "pk": 32, "fields": {"action_time": "2021-11-07T18:54:05.018Z", "user": 1, "content_type": 17, "object_id": "1", "object_repr": "Grandmarc", "action_flag": 1, "change_message": "[{\"added\": {}}]"}}, {"model": "admin.logentry", "pk": 33, "fields": {"action_time": "2021-11-07T18:54:44.030Z", "user": 1, "content_type": 17, "object_id": "2", "object_repr": "Grandmarc", "action_flag": 1, "change_message": "[{\"added\": {}}]"}}, {"model": "admin.logentry", "pk": 34, "fields": {"action_time": "2021-11-07T18:55:28.471Z", "user": 1, "content_type": 21, "object_id": "1", "object_repr": "Grandmarc", "action_flag": 1, "change_message": "[{\"added\": {}}]"}}, {"model": "admin.logentry", "pk": 35, "fields": {"action_time": "2021-11-07T18:56:05.702Z", "user": 1, "content_type": 21, "object_id": "2", "object_repr": "Grandmarc", "action_flag": 1, "change_message": "[{\"added\": {}}]"}}, {"model": "admin.logentry", "pk": 36, "fields": {"action_time": "2021-11-07T18:56:41.338Z", "user": 1, "content_type": 17, "object_id": "3", "object_repr": "Grandmarc", "action_flag": 1, "change_message": "[{\"added\": {}}]"}}, {"model": "admin.logentry", "pk": 37, "fields": {"action_time": "2021-11-07T18:57:01.965Z", "user": 1, "content_type": 21, "object_id": "3", "object_repr": "Grandmarc", "action_flag": 1, "change_message": "[{\"added\": {}}]"}}, {"model": "admin.logentry", "pk": 38, "fields": {"action_time": "2021-11-07T18:57:11.300Z", "user": 1, "content_type": 21, "object_id": "3", "object_repr": "Grandmarc", "action_flag": 2, "change_message": "[{\"changed\": {\"fields\": [\"Beds\"]}}]"}}, {"model": "admin.logentry", "pk": 39, "fields": {"action_time": "2021-11-07T18:58:10.778Z", "user": 1, "content_type": 20, "object_id": "1", "object_repr": "Grandmarc", "action_flag": 1, "change_message": "[{\"added\": {}}]"}}, {"model": "admin.logentry", "pk": 40, "fields": {"action_time": "2021-11-07T18:58:30.715Z", "user": 1, "content_type": 20, "object_id": "2", "object_repr": "Grandmarc", "action_flag": 1, "change_message": "[{\"added\": {}}]"}}, {"model": "admin.logentry", "pk": 41, "fields": {"action_time": "2021-11-07T18:59:13.890Z", "user": 1, "content_type": 20, "object_id": "3", "object_repr": "Grandmarc", "action_flag": 1, "change_message": "[{\"added\": {}}]"}}, {"model": "admin.logentry", "pk": 42, "fields": {"action_time": "2021-11-07T18:59:48.978Z", "user": 1, "content_type": 16, "object_id": "1", "object_repr": "Grandmarc", "action_flag": 1, "change_message": "[{\"added\": {}}]"}}, {"model": "admin.logentry", "pk": 43, "fields": {"action_time": "2021-11-07T19:06:36.735Z", "user": 1, "content_type": 16, "object_id": "2", "object_repr": "Grandmarc", "action_flag": 1, "change_message": "[{\"added\": {}}]"}}, {"model": "admin.logentry", "pk": 44, "fields": {"action_time": "2021-11-07T19:06:59.519Z", "user": 1, "content_type": 16, "object_id": "3", "object_repr": "Grandmarc", "action_flag": 1, "change_message": "[{\"added\": {}}]"}}, {"model": "admin.logentry", "pk": 45, "fields": {"action_time": "2021-11-07T19:07:09.699Z", "user": 1, "content_type": 16, "object_id": "4", "object_repr": "Grandmarc", "action_flag": 1, "change_message": "[{\"added\": {}}]"}}, {"model": "admin.logentry", "pk": 46, "fields": {"action_time": "2021-11-07T19:54:24.856Z", "user": 1, "content_type": 17, "object_id": "4", "object_repr": "Veneable Apartments", "action_flag": 1, "change_message": "[{\"added\": {}}]"}}, {"model": "admin.logentry", "pk": 47, "fields": {"action_time": "2021-11-07T19:55:21.294Z", "user": 1, "content_type": 17, "object_id": "5", "object_repr": "Veneable Apartments", "action_flag": 1, "change_message": "[{\"added\": {}}]"}}, {"model": "admin.logentry", "pk": 48, "fields": {"action_time": "2021-11-07T19:55:57.795Z", "user": 1, "content_type": 17, "object_id": "6", "object_repr": "Veneable Apartments", "action_flag": 1, "change_message": "[{\"added\": {}}]"}}, {"model": "admin.logentry", "pk": 49, "fields": {"action_time": "2021-11-07T19:57:11.115Z", "user": 1, "content_type": 21, "object_id": "4", "object_repr": "Veneable Apartments", "action_flag": 1, "change_message": "[{\"added\": {}}]"}}, {"model": "admin.logentry", "pk": 50, "fields": {"action_time": "2021-11-07T19:57:17.101Z", "user": 1, "content_type": 21, "object_id": "5", "object_repr": "Veneable Apartments", "action_flag": 1, "change_message": "[{\"added\": {}}]"}}, {"model": "admin.logentry", "pk": 51, "fields": {"action_time": "2021-11-07T19:57:23.562Z", "user": 1, "content_type": 21, "object_id": "6", "object_repr": "Veneable Apartments", "action_flag": 1, "change_message": "[{\"added\": {}}]"}}, {"model": "admin.logentry", "pk": 52, "fields": {"action_time": "2021-11-07T19:58:09.953Z", "user": 1, "content_type": 20, "object_id": "4", "object_repr": "Veneable Apartments", "action_flag": 1, "change_message": "[{\"added\": {}}]"}}, {"model": "admin.logentry", "pk": 53, "fields": {"action_time": "2021-11-07T19:58:15.822Z", "user": 1, "content_type": 20, "object_id": "5", "object_repr": "Veneable Apartments", "action_flag": 1, "change_message": "[{\"added\": {}}]"}}, {"model": "admin.logentry", "pk": 54, "fields": {"action_time": "2021-11-07T19:58:53.879Z", "user": 1, "content_type": 17, "object_id": "7", "object_repr": "605 14th St NW", "action_flag": 1, "change_message": "[{\"added\": {}}]"}}, {"model": "admin.logentry", "pk": 55, "fields": {"action_time": "2021-11-07T19:59:02.619Z", "user": 1, "content_type": 21, "object_id": "7", "object_repr": "605 14th St NW", "action_flag": 1, "change_message": "[{\"added\": {}}]"}}, {"model": "admin.logentry", "pk": 56, "fields": {"action_time": "2021-11-07T19:59:10.677Z", "user": 1, "content_type": 20, "object_id": "6", "object_repr": "605 14th St NW", "action_flag": 1, "change_message": "[{\"added\": {}}]"}}, {"model": "admin.logentry", "pk": 57, "fields": {"action_time": "2021-11-07T20:02:10.254Z", "user": 1, "content_type": 16, "object_id": "5", "object_repr": "Veneable Apartments", "action_flag": 1, "change_message": "[{\"added\": {}}]"}}, {"model": "admin.logentry", "pk": 58, "fields": {"action_time": "2021-11-07T20:02:22.567Z", "user": 1, "content_type": 16, "object_id": "6", "object_repr": "Veneable Apartments", "action_flag": 1, "change_message": "[{\"added\": {}}]"}}, {"model": "admin.logentry", "pk": 59, "fields": {"action_time": "2021-11-07T20:02:42.930Z", "user": 1, "content_type": 16, "object_id": "7", "object_repr": "Veneable Apartments", "action_flag": 1, "change_message": "[{\"added\": {}}]"}}, {"model": "admin.logentry", "pk": 60, "fields": {"action_time": "2021-11-07T20:03:08.470Z", "user": 1, "content_type": 16, "object_id": "8", "object_repr": "Veneable Apartments", "action_flag": 1, "change_message": "[{\"added\": {}}]"}}, {"model": "admin.logentry", "pk": 61, "fields": {"action_time": "2021-11-07T20:03:41.869Z", "user": 1, "content_type": 16, "object_id": "9", "object_repr": "Veneable Apartments", "action_flag": 1, "change_message": "[{\"added\": {}}]"}}, {"model": "admin.logentry", "pk": 62, "fields": {"action_time": "2021-11-07T20:05:34.821Z", "user": 1, "content_type": 16, "object_id": "10", "object_repr": "605 14th St NW", "action_flag": 1, "change_message": "[{\"added\": {}}]"}}, {"model": "admin.logentry", "pk": 63, "fields": {"action_time": "2021-11-07T20:11:34.505Z", "user": 1, "content_type": 13, "object_id": "1", "object_repr": "Grandmarc", "action_flag": 1, "change_message": "[{\"added\": {}}]"}}, {"model": "admin.logentry", "pk": 64, "fields": {"action_time": "2021-11-07T20:12:36.913Z", "user": 1, "content_type": 13, "object_id": "2", "object_repr": "Grandmarc", "action_flag": 1, "change_message": "[{\"added\": {}}]"}}, {"model": "admin.logentry", "pk": 65, "fields": {"action_time": "2021-11-07T20:14:36.089Z", "user": 1, "content_type": 13, "object_id": "3", "object_repr": "Grandmarc", "action_flag": 1, "change_message": "[{\"added\": {}}]"}}, {"model": "admin.logentry", "pk": 66, "fields": {"action_time": "2021-11-07T20:15:07.513Z", "user": 1, "content_type": 13, "object_id": "4", "object_repr": "Grandmarc", "action_flag": 1, "change_message": "[{\"added\": {}}]"}}, {"model": "admin.logentry", "pk": 67, "fields": {"action_time": "2021-11-07T20:16:10.681Z", "user": 1, "content_type": 16, "object_id": "11", "object_repr": "1035", "action_flag": 1, "change_message": "[{\"added\": {}}]"}}, {"model": "admin.logentry", "pk": 68, "fields": {"action_time": "2021-11-07T20:16:42.595Z", "user": 1, "content_type": 13, "object_id": "5", "object_repr": "Grandmarc", "action_flag": 1, "change_message": "[{\"added\": {}}]"}}, {"model": "admin.logentry", "pk": 69, "fields": {"action_time": "2021-11-07T20:17:16.857Z", "user": 1, "content_type": 13, "object_id": "6", "object_repr": "Veneable Apartments", "action_flag": 1, "change_message": "[{\"added\": {}}]"}}, {"model": "admin.logentry", "pk": 70, "fields": {"action_time": "2021-11-07T20:17:41.186Z", "user": 1, "content_type": 13, "object_id": "7", "object_repr": "Veneable Apartments", "action_flag": 1, "change_message": "[{\"added\": {}}]"}}, {"model": "admin.logentry", "pk": 71, "fields": {"action_time": "2021-11-07T20:18:00.242Z", "user": 1, "content_type": 13, "object_id": "8", "object_repr": "Veneable Apartments", "action_flag": 1, "change_message": "[{\"added\": {}}]"}}, {"model": "admin.logentry", "pk": 72, "fields": {"action_time": "2021-11-07T20:18:23.060Z", "user": 1, "content_type": 13, "object_id": "9", "object_repr": "Veneable Apartments", "action_flag": 1, "change_message": "[{\"added\": {}}]"}}, {"model": "admin.logentry", "pk": 73, "fields": {"action_time": "2021-11-07T20:18:46.447Z", "user": 1, "content_type": 13, "object_id": "10", "object_repr": "Veneable Apartments", "action_flag": 1, "change_message": "[{\"added\": {}}]"}}, {"model": "admin.logentry", "pk": 74, "fields": {"action_time": "2021-11-07T20:19:03.503Z", "user": 1, "content_type": 13, "object_id": "11", "object_repr": "605 14th St NW", "action_flag": 1, "change_message": "[{\"added\": {}}]"}}, {"model": "admin.logentry", "pk": 75, "fields": {"action_time": "2021-11-07T21:00:32.635Z", "user": 1, "content_type": 22, "object_id": "1", "object_repr": "Grandmarc", "action_flag": 1, "change_message": "[{\"added\": {}}]"}}, {"model": "admin.logentry", "pk": 76, "fields": {"action_time": "2021-11-07T21:02:16.462Z", "user": 1, "content_type": 22, "object_id": "2", "object_repr": "Veneable Apartments", "action_flag": 1, "change_message": "[{\"added\": {}}]"}}, {"model": "admin.logentry", "pk": 77, "fields": {"action_time": "2021-11-07T21:02:48.325Z", "user": 1, "content_type": 22, "object_id": "3", "object_repr": "605 14th St NW", "action_flag": 1, "change_message": "[{\"added\": {}}]"}}, {"model": "admin.logentry", "pk": 78, "fields": {"action_time": "2021-11-07T21:08:52.693Z", "user": 1, "content_type": 22, "object_id": "2", "object_repr": "Veneable Apartments", "action_flag": 2, "change_message": "[{\"changed\": {\"fields\": [\"Amenities\"]}}]"}}, {"model": "admin.logentry", "pk": 79, "fields": {"action_time": "2021-11-07T21:09:05.268Z", "user": 1, "content_type": 22, "object_id": "3", "object_repr": "605 14th St NW", "action_flag": 2, "change_message": "[{\"changed\": {\"fields\": [\"Amenities\"]}}]"}}, {"model": "admin.logentry", "pk": 80, "fields": {"action_time": "2021-11-07T21:09:18.765Z", "user": 1, "content_type": 22, "object_id": "1", "object_repr": "Grandmarc", "action_flag": 2, "change_message": "[{\"changed\": {\"fields\": [\"Amenities\"]}}]"}}, {"model": "admin.logentry", "pk": 81, "fields": {"action_time": "2021-11-07T21:16:55.868Z", "user": 1, "content_type": 22, "object_id": "2", "object_repr": "Veneable Apartments", "action_flag": 2, "change_message": "[{\"changed\": {\"fields\": [\"Utilities\"]}}]"}}, {"model": "admin.logentry", "pk": 82, "fields": {"action_time": "2021-11-07T21:17:22.202Z", "user": 1, "content_type": 22, "object_id": "1", "object_repr": "Grandmarc", "action_flag": 2, "change_message": "[{\"changed\": {\"fields\": [\"Utilities\"]}}]"}}, {"model": "admin.logentry", "pk": 83, "fields": {"action_time": "2021-11-07T21:17:32.013Z", "user": 1, "content_type": 22, "object_id": "3", "object_repr": "605 14th St NW", "action_flag": 2, "change_message": "[{\"changed\": {\"fields\": [\"Utilities\"]}}]"}}, {"model": "admin.logentry", "pk": 84, "fields": {"action_time": "2021-11-08T18:07:44.272Z", "user": 6, "content_type": 14, "object_id": "2", "object_repr": "605 14th St NW", "action_flag": 2, "change_message": "[{\"changed\": {\"fields\": [\"Amenities\", \"Utilities\", \"People\", \"Beds\", \"Baths\", \"Min rent\", \"Max rent\"]}}]"}}, {"model": "admin.logentry", "pk": 85, "fields": {"action_time": "2021-11-08T18:07:56.319Z", "user": 6, "content_type": 14, "object_id": "2", "object_repr": "605 14th St NW", "action_flag": 2, "change_message": "[]"}}, {"model": "admin.logentry", "pk": 86, "fields": {"action_time": "2021-11-08T18:11:18.195Z", "user": 6, "content_type": 14, "object_id": "3", "object_repr": "Grandmarc", "action_flag": 2, "change_message": "[{\"changed\": {\"fields\": [\"Amenities\", \"Utilities\", \"People\", \"Beds\", \"Baths\", \"Min rent\", \"Max rent\"]}}]"}}, {"model": "admin.logentry", "pk": 87, "fields": {"action_time": "2021-11-09T00:30:27.038Z", "user": 1, "content_type": 17, "object_id": "4", "object_repr": "4", "action_flag": 3, "change_message": ""}}, {"model": "admin.logentry", "pk": 88, "fields": {"action_time": "2021-11-09T00:30:27.061Z", "user": 1, "content_type": 17, "object_id": "3", "object_repr": "4", "action_flag": 3, "change_message": ""}}, {"model": "admin.logentry", "pk": 89, "fields": {"action_time": "2021-11-09T00:30:27.071Z", "user": 1, "content_type": 17, "object_id": "1", "object_repr": "2", "action_flag": 3, "change_message": ""}}, {"model": "admin.logentry", "pk": 90, "fields": {"action_time": "2021-11-09T00:30:34.939Z", "user": 1, "content_type": 17, "object_id": "8", "object_repr": "4", "action_flag": 1, "change_message": "[{\"added\": {}}]"}}, {"model": "admin.logentry", "pk": 91, "fields": {"action_time": "2021-11-09T00:30:43.753Z", "user": 1, "content_type": 17, "object_id": "7", "object_repr": "5", "action_flag": 3, "change_message": ""}}, {"model": "admin.logentry", "pk": 92, "fields": {"action_time": "2021-11-09T00:30:48.444Z", "user": 1, "content_type": 17, "object_id": "9", "object_repr": "5", "action_flag": 1, "change_message": "[{\"added\": {}}]"}}, {"model": "admin.logentry", "pk": 93, "fields": {"action_time": "2021-11-09T00:30:59.229Z", "user": 1, "content_type": 21, "object_id": "4", "object_repr": "2", "action_flag": 3, "change_message": ""}}, {"model": "admin.logentry", "pk": 94, "fields": {"action_time": "2021-11-09T00:30:59.248Z", "user": 1, "content_type": 21, "object_id": "3", "object_repr": "4", "action_flag": 3, "change_message": ""}}, {"model": "admin.logentry", "pk": 95, "fields": {"action_time": "2021-11-09T00:31:17.148Z", "user": 1, "content_type": 20, "object_id": "6", "object_repr": "2", "action_flag": 3, "change_message": ""}}, {"model": "admin.logentry", "pk": 96, "fields": {"action_time": "2021-11-09T00:31:17.166Z", "user": 1, "content_type": 20, "object_id": "3", "object_repr": "2", "action_flag": 3, "change_message": ""}}, {"model": "admin.logentry", "pk": 97, "fields": {"action_time": "2021-11-09T00:31:17.174Z", "user": 1, "content_type": 20, "object_id": "1", "object_repr": "4", "action_flag": 3, "change_message": ""}}, {"model": "admin.logentry", "pk": 98, "fields": {"action_time": "2021-11-09T00:31:25.582Z", "user": 1, "content_type": 20, "object_id": "7", "object_repr": "4", "action_flag": 1, "change_message": "[{\"added\": {}}]"}}, {"model": "admin.logentry", "pk": 99, "fields": {"action_time": "2021-11-09T00:33:26.622Z", "user": 1, "content_type": 13, "object_id": "1", "object_repr": "Grandmarc", "action_flag": 2, "change_message": "[{\"changed\": {\"fields\": [\"Rent\"]}}]"}}, {"model": "admin.logentry", "pk": 100, "fields": {"action_time": "2021-11-09T00:34:11.427Z", "user": 1, "content_type": 13, "object_id": "12", "object_repr": "Grandmarc", "action_flag": 1, "change_message": "[{\"added\": {}}]"}}, {"model": "admin.logentry", "pk": 101, "fields": {"action_time": "2021-11-09T00:34:40.546Z", "user": 1, "content_type": 13, "object_id": "13", "object_repr": "Grandmarc", "action_flag": 1, "change_message": "[{\"added\": {}}]"}}, {"model": "admin.logentry", "pk": 102, "fields": {"action_time": "2021-11-09T00:35:12.451Z", "user": 1, "content_type": 13, "object_id": "14", "object_repr": "Grandmarc", "action_flag": 1, "change_message": "[{\"added\": {}}]"}}, {"model": "admin.logentry", "pk": 103, "fields": {"action_time": "2021-11-09T00:35:47.273Z", "user": 1, "content_type": 13, "object_id": "15", "object_repr": "Grandmarc", "action_flag": 1, "change_message": "[{\"added\": {}}]"}}, {"model": "admin.logentry", "pk": 104, "fields": {"action_time": "2021-11-09T00:36:06.325Z", "user": 1, "content_type": 13, "object_id": "16", "object_repr": "605 14th St NW", "action_flag": 1, "change_message": "[{\"added\": {}}]"}}, {"model": "admin.logentry", "pk": 105, "fields": {"action_time": "2021-11-09T00:36:38.569Z", "user": 1, "content_type": 13, "object_id": "17", "object_repr": "Veneable Apartments", "action_flag": 1, "change_message": "[{\"added\": {}}]"}}, {"model": "admin.logentry", "pk": 106, "fields": {"action_time": "2021-11-09T00:37:05.644Z", "user": 1, "content_type": 13, "object_id": "18", "object_repr": "Veneable Apartments", "action_flag": 1, "change_message": "[{\"added\": {}}]"}}, {"model": "admin.logentry", "pk": 107, "fields": {"action_time": "2021-11-09T00:37:41.625Z", "user": 1, "content_type": 13, "object_id": "19", "object_repr": "Veneable Apartments", "action_flag": 1, "change_message": "[{\"added\": {}}]"}}, {"model": "admin.logentry", "pk": 108, "fields": {"action_time": "2021-11-09T00:38:24.993Z", "user": 1, "content_type": 13, "object_id": "8", "object_repr": "Veneable Apartments", "action_flag": 2, "change_message": "[{\"changed\": {\"fields\": [\"Rent\"]}}]"}}, {"model": "admin.logentry", "pk": 109, "fields": {"action_time": "2021-11-09T00:38:31.590Z", "user": 1, "content_type": 13, "object_id": "9", "object_repr": "Veneable Apartments", "action_flag": 2, "change_message": "[{\"changed\": {\"fields\": [\"Rent\"]}}]"}}, {"model": "admin.logentry", "pk": 110, "fields": {"action_time": "2021-11-14T21:44:39.596Z", "user": 1, "content_type": 14, "object_id": "3", "object_repr": "Grandmarc", "action_flag": 2, "change_message": "[{\"changed\": {\"fields\": [\"People low\", \"People up\", \"Beds low\", \"Beds up\", \"Baths low\", \"Baths up\"]}}]"}}, {"model": "admin.logentry", "pk": 111, "fields": {"action_time": "2021-11-14T21:45:13.183Z", "user": 1, "content_type": 14, "object_id": "1", "object_repr": "Veneable Apartments", "action_flag": 2, "change_message": "[{\"changed\": {\"fields\": [\"People low\", \"People up\", \"Beds low\", \"Beds up\", \"Baths low\", \"Baths up\"]}}]"}}, {"model": "admin.logentry", "pk": 112, "fields": {"action_time": "2021-11-14T21:45:29.524Z", "user": 1, "content_type": 14, "object_id": "2", "object_repr": "605 14th St NW", "action_flag": 2, "change_message": "[{\"changed\": {\"fields\": [\"People low\", \"People up\", \"Beds low\", \"Beds up\", \"Baths low\", \"Baths up\"]}}]"}}, {"model": "admin.logentry", "pk": 113, "fields": {"action_time": "2021-11-14T21:46:17.449Z", "user": 1, "content_type": 14, "object_id": "2", "object_repr": "605 14th St NW", "action_flag": 2, "change_message": "[]"}}, {"model": "admin.logentry", "pk": 114, "fields": {"action_time": "2021-11-14T22:23:15.271Z", "user": 1, "content_type": 14, "object_id": "3", "object_repr": "Grandmarc", "action_flag": 2, "change_message": "[{\"changed\": {\"fields\": [\"Image\"]}}]"}}, {"model": "admin.logentry", "pk": 115, "fields": {"action_time": "2021-11-14T22:27:49.299Z", "user": 1, "content_type": 14, "object_id": "3", "object_repr": "Grandmarc", "action_flag": 2, "change_message": "[{\"changed\": {\"fields\": [\"Image\"]}}]"}}, {"model": "admin.logentry", "pk": 116, "fields": {"action_time": "2021-11-14T22:32:46.981Z", "user": 1, "content_type": 14, "object_id": "1", "object_repr": "Veneable Apartments", "action_flag": 2, "change_message": "[{\"changed\": {\"fields\": [\"Image\"]}}]"}}, {"model": "admin.logentry", "pk": 117, "fields": {"action_time": "2021-11-14T22:33:23.793Z", "user": 1, "content_type": 14, "object_id": "2", "object_repr": "605 14th St NW", "action_flag": 2, "change_message": "[{\"changed\": {\"fields\": [\"Image\"]}}]"}}, {"model": "admin.logentry", "pk": 118, "fields": {"action_time": "2021-11-14T22:43:38.117Z", "user": 1, "content_type": 14, "object_id": "3", "object_repr": "Grandmarc", "action_flag": 2, "change_message": "[{\"changed\": {\"fields\": [\"Image\"]}}]"}}, {"model": "admin.logentry", "pk": 119, "fields": {"action_time": "2021-11-14T22:44:12.701Z", "user": 1, "content_type": 14, "object_id": "1", "object_repr": "Veneable Apartments", "action_flag": 2, "change_message": "[{\"changed\": {\"fields\": [\"Image\"]}}]"}}, {"model": "admin.logentry", "pk": 120, "fields": {"action_time": "2021-11-14T22:44:24.557Z", "user": 1, "content_type": 14, "object_id": "2", "object_repr": "605 14th St NW", "action_flag": 2, "change_message": "[{\"changed\": {\"fields\": [\"Image\"]}}]"}}, {"model": "admin.logentry", "pk": 121, "fields": {"action_time": "2021-11-14T22:53:25.036Z", "user": 1, "content_type": 14, "object_id": "3", "object_repr": "Grandmarc", "action_flag": 2, "change_message": "[{\"changed\": {\"fields\": [\"Image\"]}}]"}}, {"model": "admin.logentry", "pk": 122, "fields": {"action_time": "2021-11-14T22:53:38.779Z", "user": 1, "content_type": 14, "object_id": "1", "object_repr": "Veneable Apartments", "action_flag": 2, "change_message": "[{\"changed\": {\"fields\": [\"Image\"]}}]"}}, {"model": "admin.logentry", "pk": 123, "fields": {"action_time": "2021-11-14T22:53:44.609Z", "user": 1, "content_type": 14, "object_id": "2", "object_repr": "605 14th St NW", "action_flag": 2, "change_message": "[{\"changed\": {\"fields\": [\"Image\"]}}]"}}, {"model": "admin.logentry", "pk": 124, "fields": {"action_time": "2021-11-15T23:12:54.665Z", "user": 1, "content_type": 14, "object_id": "1", "object_repr": "Veneable Apartments", "action_flag": 2, "change_message": "[{\"changed\": {\"fields\": [\"Address\"]}}]"}}, {"model": "admin.logentry", "pk": 125, "fields": {"action_time": "2021-11-15T23:13:02.176Z", "user": 1, "content_type": 14, "object_id": "2", "object_repr": "605 14th St NW", "action_flag": 2, "change_message": "[{\"changed\": {\"fields\": [\"Address\"]}}]"}}, {"model": "admin.logentry", "pk": 126, "fields": {"action_time": "2021-11-16T02:05:02.337Z", "user": 1, "content_type": 24, "object_id": "1", "object_repr": "Grandmarc", "action_flag": 1, "change_message": "[{\"added\": {}}]"}}, {"model": "admin.logentry", "pk": 127, "fields": {"action_time": "2021-11-16T02:38:51.087Z", "user": 1, "content_type": 23, "object_id": "1", "object_repr": "Very good place!", "action_flag": 2, "change_message": "[{\"changed\": {\"fields\": [\"Active\"]}}]"}}, {"model": "auth.permission", "pk": 1, "fields": {"name": "Can add log entry", "content_type": 1, "codename": "add_logentry"}}, {"model": "auth.permission", "pk": 2, "fields": {"name": "Can change log entry", "content_type": 1, "codename": "change_logentry"}}, {"model": "auth.permission", "pk": 3, "fields": {"name": "Can delete log entry", "content_type": 1, "codename": "delete_logentry"}}, {"model": "auth.permission", "pk": 4, "fields": {"name": "Can view log entry", "content_type": 1, "codename": "view_logentry"}}, {"model": "auth.permission", "pk": 5, "fields": {"name": "Can add permission", "content_type": 2, "codename": "add_permission"}}, {"model": "auth.permission", "pk": 6, "fields": {"name": "Can change permission", "content_type": 2, "codename": "change_permission"}}, {"model": "auth.permission", "pk": 7, "fields": {"name": "Can delete permission", "content_type": 2, "codename": "delete_permission"}}, {"model": "auth.permission", "pk": 8, "fields": {"name": "Can view permission", "content_type": 2, "codename": "view_permission"}}, {"model": "auth.permission", "pk": 9, "fields": {"name": "Can add group", "content_type": 3, "codename": "add_group"}}, {"model": "auth.permission", "pk": 10, "fields": {"name": "Can change group", "content_type": 3, "codename": "change_group"}}, {"model": "auth.permission", "pk": 11, "fields": {"name": "Can delete group", "content_type": 3, "codename": "delete_group"}}, {"model": "auth.permission", "pk": 12, "fields": {"name": "Can view group", "content_type": 3, "codename": "view_group"}}, {"model": "auth.permission", "pk": 13, "fields": {"name": "Can add user", "content_type": 4, "codename": "add_user"}}, {"model": "auth.permission", "pk": 14, "fields": {"name": "Can change user", "content_type": 4, "codename": "change_user"}}, {"model": "auth.permission", "pk": 15, "fields": {"name": "Can delete user", "content_type": 4, "codename": "delete_user"}}, {"model": "auth.permission", "pk": 16, "fields": {"name": "Can view user", "content_type": 4, "codename": "view_user"}}, {"model": "auth.permission", "pk": 17, "fields": {"name": "Can add content type", "content_type": 5, "codename": "add_contenttype"}}, {"model": "auth.permission", "pk": 18, "fields": {"name": "Can change content type", "content_type": 5, "codename": "change_contenttype"}}, {"model": "auth.permission", "pk": 19, "fields": {"name": "Can delete content type", "content_type": 5, "codename": "delete_contenttype"}}, {"model": "auth.permission", "pk": 20, "fields": {"name": "Can view content type", "content_type": 5, "codename": "view_contenttype"}}, {"model": "auth.permission", "pk": 21, "fields": {"name": "Can add session", "content_type": 6, "codename": "add_session"}}, {"model": "auth.permission", "pk": 22, "fields": {"name": "Can change session", "content_type": 6, "codename": "change_session"}}, {"model": "auth.permission", "pk": 23, "fields": {"name": "Can delete session", "content_type": 6, "codename": "delete_session"}}, {"model": "auth.permission", "pk": 24, "fields": {"name": "Can view session", "content_type": 6, "codename": "view_session"}}, {"model": "auth.permission", "pk": 25, "fields": {"name": "Can add site", "content_type": 7, "codename": "add_site"}}, {"model": "auth.permission", "pk": 26, "fields": {"name": "Can change site", "content_type": 7, "codename": "change_site"}}, {"model": "auth.permission", "pk": 27, "fields": {"name": "Can delete site", "content_type": 7, "codename": "delete_site"}}, {"model": "auth.permission", "pk": 28, "fields": {"name": "Can view site", "content_type": 7, "codename": "view_site"}}, {"model": "auth.permission", "pk": 29, "fields": {"name": "Can add email address", "content_type": 8, "codename": "add_emailaddress"}}, {"model": "auth.permission", "pk": 30, "fields": {"name": "Can change email address", "content_type": 8, "codename": "change_emailaddress"}}, {"model": "auth.permission", "pk": 31, "fields": {"name": "Can delete email address", "content_type": 8, "codename": "delete_emailaddress"}}, {"model": "auth.permission", "pk": 32, "fields": {"name": "Can view email address", "content_type": 8, "codename": "view_emailaddress"}}, {"model": "auth.permission", "pk": 33, "fields": {"name": "Can add email confirmation", "content_type": 9, "codename": "add_emailconfirmation"}}, {"model": "auth.permission", "pk": 34, "fields": {"name": "Can change email confirmation", "content_type": 9, "codename": "change_emailconfirmation"}}, {"model": "auth.permission", "pk": 35, "fields": {"name": "Can delete email confirmation", "content_type": 9, "codename": "delete_emailconfirmation"}}, {"model": "auth.permission", "pk": 36, "fields": {"name": "Can view email confirmation", "content_type": 9, "codename": "view_emailconfirmation"}}, {"model": "auth.permission", "pk": 37, "fields": {"name": "Can add social account", "content_type": 10, "codename": "add_socialaccount"}}, {"model": "auth.permission", "pk": 38, "fields": {"name": "Can change social account", "content_type": 10, "codename": "change_socialaccount"}}, {"model": "auth.permission", "pk": 39, "fields": {"name": "Can delete social account", "content_type": 10, "codename": "delete_socialaccount"}}, {"model": "auth.permission", "pk": 40, "fields": {"name": "Can view social account", "content_type": 10, "codename": "view_socialaccount"}}, {"model": "auth.permission", "pk": 41, "fields": {"name": "Can add social application", "content_type": 11, "codename": "add_socialapp"}}, {"model": "auth.permission", "pk": 42, "fields": {"name": "Can change social application", "content_type": 11, "codename": "change_socialapp"}}, {"model": "auth.permission", "pk": 43, "fields": {"name": "Can delete social application", "content_type": 11, "codename": "delete_socialapp"}}, {"model": "auth.permission", "pk": 44, "fields": {"name": "Can view social application", "content_type": 11, "codename": "view_socialapp"}}, {"model": "auth.permission", "pk": 45, "fields": {"name": "Can add social application token", "content_type": 12, "codename": "add_socialtoken"}}, {"model": "auth.permission", "pk": 46, "fields": {"name": "Can change social application token", "content_type": 12, "codename": "change_socialtoken"}}, {"model": "auth.permission", "pk": 47, "fields": {"name": "Can delete social application token", "content_type": 12, "codename": "delete_socialtoken"}}, {"model": "auth.permission", "pk": 48, "fields": {"name": "Can view social application token", "content_type": 12, "codename": "view_socialtoken"}}, {"model": "auth.permission", "pk": 49, "fields": {"name": "Can add style", "content_type": 13, "codename": "add_style"}}, {"model": "auth.permission", "pk": 50, "fields": {"name": "Can change style", "content_type": 13, "codename": "change_style"}}, {"model": "auth.permission", "pk": 51, "fields": {"name": "Can delete style", "content_type": 13, "codename": "delete_style"}}, {"model": "auth.permission", "pk": 52, "fields": {"name": "Can view style", "content_type": 13, "codename": "view_style"}}, {"model": "auth.permission", "pk": 53, "fields": {"name": "Can add housing", "content_type": 14, "codename": "add_housing"}}, {"model": "auth.permission", "pk": 54, "fields": {"name": "Can change housing", "content_type": 14, "codename": "change_housing"}}, {"model": "auth.permission", "pk": 55, "fields": {"name": "Can delete housing", "content_type": 14, "codename": "delete_housing"}}, {"model": "auth.permission", "pk": 56, "fields": {"name": "Can view housing", "content_type": 14, "codename": "view_housing"}}, {"model": "auth.permission", "pk": 57, "fields": {"name": "Can add amenitie", "content_type": 15, "codename": "add_amenitie"}}, {"model": "auth.permission", "pk": 58, "fields": {"name": "Can change amenitie", "content_type": 15, "codename": "change_amenitie"}}, {"model": "auth.permission", "pk": 59, "fields": {"name": "Can delete amenitie", "content_type": 15, "codename": "delete_amenitie"}}, {"model": "auth.permission", "pk": 60, "fields": {"name": "Can view amenitie", "content_type": 15, "codename": "view_amenitie"}}, {"model": "auth.permission", "pk": 61, "fields": {"name": "Can add housing_ rent", "content_type": 16, "codename": "add_housing_rent"}}, {"model": "auth.permission", "pk": 62, "fields": {"name": "Can change housing_ rent", "content_type": 16, "codename": "change_housing_rent"}}, {"model": "auth.permission", "pk": 63, "fields": {"name": "Can delete housing_ rent", "content_type": 16, "codename": "delete_housing_rent"}}, {"model": "auth.permission", "pk": 64, "fields": {"name": "Can view housing_ rent", "content_type": 16, "codename": "view_housing_rent"}}, {"model": "auth.permission", "pk": 65, "fields": {"name": "Can add housing_ people", "content_type": 17, "codename": "add_housing_people"}}, {"model": "auth.permission", "pk": 66, "fields": {"name": "Can change housing_ people", "content_type": 17, "codename": "change_housing_people"}}, {"model": "auth.permission", "pk": 67, "fields": {"name": "Can delete housing_ people", "content_type": 17, "codename": "delete_housing_people"}}, {"model": "auth.permission", "pk": 68, "fields": {"name": "Can view housing_ people", "content_type": 17, "codename": "view_housing_people"}}, {"model": "auth.permission", "pk": 69, "fields": {"name": "Can add housing_ beds", "content_type": 18, "codename": "add_housing_beds"}}, {"model": "auth.permission", "pk": 70, "fields": {"name": "Can change housing_ beds", "content_type": 18, "codename": "change_housing_beds"}}, {"model": "auth.permission", "pk": 71, "fields": {"name": "Can delete housing_ beds", "content_type": 18, "codename": "delete_housing_beds"}}, {"model": "auth.permission", "pk": 72, "fields": {"name": "Can view housing_ beds", "content_type": 18, "codename": "view_housing_beds"}}, {"model": "auth.permission", "pk": 73, "fields": {"name": "Can add housing_ baths", "content_type": 19, "codename": "add_housing_baths"}}, {"model": "auth.permission", "pk": 74, "fields": {"name": "Can change housing_ baths", "content_type": 19, "codename": "change_housing_baths"}}, {"model": "auth.permission", "pk": 75, "fields": {"name": "Can delete housing_ baths", "content_type": 19, "codename": "delete_housing_baths"}}, {"model": "auth.permission", "pk": 76, "fields": {"name": "Can view housing_ baths", "content_type": 19, "codename": "view_housing_baths"}}, {"model": "auth.permission", "pk": 77, "fields": {"name": "Can add housing_ bath", "content_type": 20, "codename": "add_housing_bath"}}, {"model": "auth.permission", "pk": 78, "fields": {"name": "Can change housing_ bath", "content_type": 20, "codename": "change_housing_bath"}}, {"model": "auth.permission", "pk": 79, "fields": {"name": "Can delete housing_ bath", "content_type": 20, "codename": "delete_housing_bath"}}, {"model": "auth.permission", "pk": 80, "fields": {"name": "Can view housing_ bath", "content_type": 20, "codename": "view_housing_bath"}}, {"model": "auth.permission", "pk": 81, "fields": {"name": "Can add housing_ bed", "content_type": 21, "codename": "add_housing_bed"}}, {"model": "auth.permission", "pk": 82, "fields": {"name": "Can change housing_ bed", "content_type": 21, "codename": "change_housing_bed"}}, {"model": "auth.permission", "pk": 83, "fields": {"name": "Can delete housing_ bed", "content_type": 21, "codename": "delete_housing_bed"}}, {"model": "auth.permission", "pk": 84, "fields": {"name": "Can view housing_ bed", "content_type": 21, "codename": "view_housing_bed"}}, {"model": "auth.permission", "pk": 85, "fields": {"name": "Can add amenity", "content_type": 22, "codename": "add_amenity"}}, {"model": "auth.permission", "pk": 86, "fields": {"name": "Can change amenity", "content_type": 22, "codename": "change_amenity"}}, {"model": "auth.permission", "pk": 87, "fields": {"name": "Can delete amenity", "content_type": 22, "codename": "delete_amenity"}}, {"model": "auth.permission", "pk": 88, "fields": {"name": "Can view amenity", "content_type": 22, "codename": "view_amenity"}}, {"model": "auth.permission", "pk": 89, "fields": {"name": "Can add review", "content_type": 23, "codename": "add_review"}}, {"model": "auth.permission", "pk": 90, "fields": {"name": "Can change review", "content_type": 23, "codename": "change_review"}}, {"model": "auth.permission", "pk": 91, "fields": {"name": "Can delete review", "content_type": 23, "codename": "delete_review"}}, {"model": "auth.permission", "pk": 92, "fields": {"name": "Can view review", "content_type": 23, "codename": "view_review"}}, {"model": "auth.permission", "pk": 93, "fields": {"name": "Can add images", "content_type": 24, "codename": "add_images"}}, {"model": "auth.permission", "pk": 94, "fields": {"name": "Can change images", "content_type": 24, "codename": "change_images"}}, {"model": "auth.permission", "pk": 95, "fields": {"name": "Can delete images", "content_type": 24, "codename": "delete_images"}}, {"model": "auth.permission", "pk": 96, "fields": {"name": "Can view images", "content_type": 24, "codename": "view_images"}}, {"model": "auth.user", "pk": 1, "fields": {"password": "pbkdf2_sha256$260000$BbQx8DUbdHARwfgUBa6Gcs$OTnZuARYlh+jdhg90dhR1MogW34rnBJuAjeGI2nvSWA=", "last_login": "2021-11-16T02:38:39.839Z", "is_superuser": true, "username": "vinny", "first_name": "", "last_name": "", "email": "yp5vt@virginia.edu", "is_staff": true, "is_active": true, "date_joined": "2021-10-14T18:58:46.681Z", "groups": [], "user_permissions": []}}, {"model": "auth.user", "pk": 2, "fields": {"password": "!5BoJoJkiw9k90PnTvBHrToKbnEjzAM1qGhord3v1", "last_login": "2021-11-16T02:29:49.758Z", "is_superuser": false, "username": "vinny2", "first_name": "Vinny", "last_name": "Peng", "email": "vinny.peng2000@gmail.com", "is_staff": false, "is_active": true, "date_joined": "2021-10-14T20:08:14.212Z", "groups": [], "user_permissions": []}}, {"model": "auth.user", "pk": 3, "fields": {"password": "pbkdf2_sha256$260000$1t6krJz4ZfwMMulXCstKfH$LEBxgKFwdEcZYxgopDsMmpWSXWYKIjx10C2IFdlMgIs=", "last_login": "2021-10-31T20:05:36.450Z", "is_superuser": true, "username": "admin", "first_name": "", "last_name": "", "email": "kgs9ej@virginia.edu", "is_staff": true, "is_active": true, "date_joined": "2021-10-27T20:01:03.621Z", "groups": [], "user_permissions": []}}, {"model": "auth.user", "pk": 4, "fields": {"password": "!0viCuZl2bZFNYlOkJeBbrP6PClSFE9xtY0h9Ru8K", "last_login": "2021-10-31T19:32:13.400Z", "is_superuser": false, "username": "katie", "first_name": "Katie", "last_name": "Shewell", "email": "katieshewell1@gmail.com", "is_staff": false, "is_active": true, "date_joined": "2021-10-31T19:32:13.371Z", "groups": [], "user_permissions": []}}, {"model": "auth.user", "pk": 5, "fields": {"password": "!UwyMx262I4lM6hw6OhP8O9saqZYBneCLhk8yG29c", "last_login": "2021-11-01T05:52:34.060Z", "is_superuser": false, "username": "shiva", "first_name": "Shiva", "last_name": "Manandhar", "email": "sm4phs@virginia.edu", "is_staff": false, "is_active": true, "date_joined": "2021-11-01T05:52:23.707Z", "groups": [], "user_permissions": []}}, {"model": "auth.user", "pk": 6, "fields": {"password": "pbkdf2_sha256$260000$OiqXtNDgzTVulTYtk00cf4$RKYPLAc2ZYheQlWeFN/5w0e9e3AsCVleDj40ErSTkjQ=", "last_login": "2021-11-08T18:06:27.425Z", "is_superuser": true, "username": "Shivaman", "first_name": "", "last_name": "", "email": "shivamanandhar977@gmail.com", "is_staff": true, "is_active": true, "date_joined": "2021-11-08T18:06:12.536Z", "groups": [], "user_permissions": []}}, {"model": "contenttypes.contenttype", "pk": 1, "fields": {"app_label": "admin", "model": "logentry"}}, {"model": "contenttypes.contenttype", "pk": 2, "fields": {"app_label": "auth", "model": "permission"}}, {"model": "contenttypes.contenttype", "pk": 3, "fields": {"app_label": "auth", "model": "group"}}, {"model": "contenttypes.contenttype", "pk": 4, "fields": {"app_label": "auth", "model": "user"}}, {"model": "contenttypes.contenttype", "pk": 5, "fields": {"app_label": "contenttypes", "model": "contenttype"}}, {"model": "contenttypes.contenttype", "pk": 6, "fields": {"app_label": "sessions", "model": "session"}}, {"model": "contenttypes.contenttype", "pk": 7, "fields": {"app_label": "sites", "model": "site"}}, {"model": "contenttypes.contenttype", "pk": 8, "fields": {"app_label": "account", "model": "emailaddress"}}, {"model": "contenttypes.contenttype", "pk": 9, "fields": {"app_label": "account", "model": "emailconfirmation"}}, {"model": "contenttypes.contenttype", "pk": 10, "fields": {"app_label": "socialaccount", "model": "socialaccount"}}, {"model": "contenttypes.contenttype", "pk": 11, "fields": {"app_label": "socialaccount", "model": "socialapp"}}, {"model": "contenttypes.contenttype", "pk": 12, "fields": {"app_label": "socialaccount", "model": "socialtoken"}}, {"model": "contenttypes.contenttype", "pk": 13, "fields": {"app_label": "app", "model": "style"}}, {"model": "contenttypes.contenttype", "pk": 14, "fields": {"app_label": "app", "model": "housing"}}, {"model": "contenttypes.contenttype", "pk": 15, "fields": {"app_label": "app", "model": "amenitie"}}, {"model": "contenttypes.contenttype", "pk": 16, "fields": {"app_label": "app", "model": "housing_rent"}}, {"model": "contenttypes.contenttype", "pk": 17, "fields": {"app_label": "app", "model": "housing_people"}}, {"model": "contenttypes.contenttype", "pk": 18, "fields": {"app_label": "app", "model": "housing_beds"}}, {"model": "contenttypes.contenttype", "pk": 19, "fields": {"app_label": "app", "model": "housing_baths"}}, {"model": "contenttypes.contenttype", "pk": 20, "fields": {"app_label": "app", "model": "housing_bath"}}, {"model": "contenttypes.contenttype", "pk": 21, "fields": {"app_label": "app", "model": "housing_bed"}}, {"model": "contenttypes.contenttype", "pk": 22, "fields": {"app_label": "app", "model": "amenity"}}, {"model": "contenttypes.contenttype", "pk": 23, "fields": {"app_label": "app", "model": "review"}}, {"model": "contenttypes.contenttype", "pk": 24, "fields": {"app_label": "app", "model": "images"}}, {"model": "sessions.session", "pk": "2czabc5ysk8i68cxqw2vc3tfhw4on9e4", "fields": {"session_data": ".eJxVzMFugzAMgOF38RmhksBCetx9lx0qTdOEHMcpFJagOJyqvvtg6qU3y_9n30ESTbggUdpiGaRgYTh_32HNiVgEzrCk6xShAqG07g32EbcyDitm_D0APCro5y_-vMic28sMPxUM_2QTzsPkd9PAy84hzRyP4G8Yr6mmFEueXH2Q-lml_kiel_enfXkwooz7daepZ6e4UVbr1qHzTeBWWWW8Ngbf2LhgArHtTqR77uzJ9hYxmNa5oBTB4w_qPlXY:1mb6yd:M6HYmhGf1vEPjkI7Aj3mYi4k1JEXgIHcNwPXkAftPvo", "expire_date": "2021-10-28T20:05:19.725Z"}}, {"model": "sessions.session", "pk": "2g077blwc7wb72fwq702sqsh2fykz2i2", "fields": {"session_data": ".eJxVjEEOwiAQRe_C2pACxQGX7nsGMgODVA0kpV0Z765NutDtf-_9lwi4rSVsnZcwJ3ERSpx-N8L44LqDdMd6azK2ui4zyV2RB-1yaomf18P9OyjYy7e2JjomzUp7Y0ZCSirzqL2GZADwzEAZcmRvh2gcWz945xEzjERZ6yjeH_BPOHM:1mbVI3:NslLbPpuudTJ7gAiieoDWToAKKqJ-vf930BmyGFmuzk", "expire_date": "2021-10-29T22:02:59.980Z"}}, {"model": "sessions.session", "pk": "7km0nnvc7qzozss98508udj5aaf9f2ai", "fields": {"session_data": ".eJxVjEEOwiAQRe_C2hAQZBiX7nsGAsxUqgaS0q6Md7dNutDt--_9twhxXUpYO89hInEVTpx-WYr5yXUf6BHrvcnc6jJPSe6KPNYuh0b8uh3u30GJvWw1EFjPPhESatw63gioMTq23iIYIjDeQs7mAlbpMznWzkaDyiPSKD5f7iI3qA:1mk92J:Va-ZfbJqEiiuL4dw7FCNjCjOBOnJbLc2VblNqNHApOI", "expire_date": "2021-11-22T18:06:27.513Z"}}, {"model": "sessions.session", "pk": "b9yp1u67x98hklgopuflp9fr420534x5", "fields": {"session_data": ".eJxVjEEOwiAQRe_C2pACxQGX7nsGMgODVA0kpV0Z765NutDtf-_9lwi4rSVsnZcwJ3ERSpx-N8L44LqDdMd6azK2ui4zyV2RB-1yaomf18P9OyjYy7e2JjomzUp7Y0ZCSirzqL2GZADwzEAZcmRvh2gcWz945xEzjERZ6yjeH_BPOHM:1mjwlL:NbvoNkb5eh_fWt5ZrQuYcUO0K2PZEgxbHdx44rG8lvY", "expire_date": "2021-11-22T05:00:07.775Z"}}, {"model": "sessions.session", "pk": "k31lir2hlcvzaz8325998c85g2p1s8lj", "fields": {"session_data": ".eJxVjEEOwiAQRe_C2pACxQGX7nsGMgODVA0kpV0Z765NutDtf-_9lwi4rSVsnZcwJ3ERSpx-N8L44LqDdMd6azK2ui4zyV2RB-1yaomf18P9OyjYy7e2JjomzUp7Y0ZCSirzqL2GZADwzEAZcmRvh2gcWz945xEzjERZ6yjeH_BPOHM:1mmoMp:7slxyoIXxu-Ci75ZUZ5Pof2RXq9Aw5u9XGBQlKk7_F8", "expire_date": "2021-11-30T02:38:39.855Z"}}, {"model": "sessions.session", "pk": "kbzxmm0x1vfrdjcm3zclo46ui3tjiv0v", "fields": {"session_data": ".eJxVjMEOwiAQRP-FsyFhAct60x8hy7IGYkMTCyfjv9uaHvQ4b2beS0UavcSxyjPWrC4K1OmXJeKHtL2ged6xJuZltK6_m6Ne9XVL0npl6nVpt-P1pyq0ls2DyVh2GSgxJGHrYPJiU6aAiHYKBs8hoyRwAQEAwXoWFhGX6e6MV-8Pw4w8iA:1mhOZu:Zh21XsFtDRH_MeFF_V2yc1h3btpOVwU-dIQ9XtW8sC4", "expire_date": "2021-11-15T04:05:46.931Z"}}, {"model": "sessions.session", "pk": "oasikti83txhqtek0y1bxkj2wj36w6gu", "fields": {"session_data": ".eJxVjMsOwiAQRf-FtSHAAAMu3fsNZHhJ1dCktCvjv2uTLnR7zzn3xQJtawvbKEuYMjszYKffLVJ6lL6DfKd-m3ma-7pMke8KP-jg1zmX5-Vw_w4ajfatBRqqqWZNDg0II6F6hFiVM8pWlFBctqgQjMfoo0QCm6WJwmpHSWv2_gDL_zb1:1mhH5E:jOMY_0x4wqGsg3FRFkJOIMqzspQkmoBOgLhN7nFCNIY", "expire_date": "2021-11-14T20:05:36.452Z"}}, {"model": "sessions.session", "pk": "ptb9hr9hkpmms1wab34snpw48ne1jo4p", "fields": {"session_data": ".eJxVjEEOwiAQRe_C2pACxQGX7nsGMgODVA0kpV0Z765NutDtf-_9lwi4rSVsnZcwJ3ERSpx-N8L44LqDdMd6azK2ui4zyV2RB-1yaomf18P9OyjYy7e2JjomzUp7Y0ZCSirzqL2GZADwzEAZcmRvh2gcWz945xEzjERZ6yjeH_BPOHM:1mjp67:_gznuj0ke8yURMYD-XPjYS4unj5RO2Dox6nSGu5urnU", "expire_date": "2021-11-21T20:49:03.921Z"}}, {"model": "sessions.session", "pk": "tbsa56c95vm3xy3snikncc7f45khxxx8", "fields": {"session_data": ".eJyNU9ty2jAQ_ZXWz0B8IQEz05k6NEmhEAIk3Dodz0aWbQVbMpLsYGf498oY0pBpM33z7h7t2T1n_aIJhghEgBBLqXSrKGIBoVrnRTuky0_iaR2aRlFNSwXm7p8w4SwjHuZaRwsYCyKsKUhZ1gyjpdu22dLb7Qv7om01zy1LV9UIhHQPHFUPDyR2nxih-LUt3koOrirAkf2f_XAMJFL1PDnP5NeMcNWZQAN7qSpmmBOfYM89oCRPcU2jEGP1YkYozT_dYRooZEAyTN23FZX0ISZRfswekAlBMuVlIpQyEZ2zsyi0GtX2pTqIUYmpbCAWn8GZ49wvnH6e0gL7S2u4uGoP0swJMW2iflB4y1F8Y4pbuqGjXu-LsC_qqNSIIYhKBkxVFJbrnyy221VGnFqTgBDPjJfoz3eTZutOF4PpbYgG64flZnWVUHsTDR82hcNmPwxEHSe4ef6rIUS4Ik0wryh8iASu-A5ClMoQrl69k2vf6VSsD90peST4_iuHSgCSyomjUyenoZm6adQNvW6c35tmR7c7TbPRbBorTcmhGklc6qEuEmEhFLzaSZUQSw5jQypDNwEOcQko3-0HdMHzuHqEVfbnB9f-X7d2nD3hJAaeV-HuV02TbI3pqWWQJPv2Ru34t71hO-C1HEy7Aboz4R4M7ZwVLXfhjr4V8H2C4pYlx4OH3vrSNPsGt2CsF9tujkbAzcE87HqTgPSs4SXc8vX48alnThZTdzoD23ler8K1k8XLrj5O-xj3uqzt5zZvFYtkYo0zxy-e6mI-713bLHDydZNsH7uP2645W838dH7dirvTm0kifft-tGTlIe3ndQVGHMtKbrxNiNLVBfnOPWvvntEw2qV7u91v7weAmg:1mbVOY:n_8HbD0GP3G3z85Kk1tbAOH6BgLUB4ybFucC4UQqxzI", "expire_date": "2021-10-29T22:09:42.470Z"}}, {"model": "sessions.session", "pk": "xohpevy4z2hrdqy2w9835ldjcm7eqwvn", "fields": {"session_data": ".eJxVzMGKgzAQgOF3mbOIGmNij3ttC3tcWIpMJkm1tYk4kS6Uvnt16aW3Yf5v5gEcacARieISUscJk4Pd7wOmOZJjhh2M8TwEyIApTmuDdcQl9d2EM942AM8Mfr73fxd9xwPfezhl0P2Thd3cDXY1Aj52BunqwhbsBcM55hRDmgeTbyR_V86P0brx620_HvTI_XpdKImevK1RKykKWQrfKmF8pWXVeFUKp22jKiVkq0xrSoWisaU0RVNrpLqG5wvqbVSP:1mfp79:z-al3zt_dboyuwntCMvhreJGf-QEcRwayjzyq7GD22U", "expire_date": "2021-11-10T20:01:35.015Z"}}, {"model": "sites.site", "pk": 2, "fields": {"domain": "example.com", "name": "example.com"}}, {"model": "sites.site", "pk": 3, "fields": {"domain": "127.0.0.1:8000", "name": "127.0.0.1:8000"}}, {"model": "account.emailaddress", "pk": 1, "fields": {"user": 2, "email": "vinny.peng2000@gmail.com", "verified": true, "primary": true}}, {"model": "account.emailaddress", "pk": 2, "fields": {"user": 4, "email": "katieshewell1@gmail.com", "verified": true, "primary": true}}, {"model": "account.emailaddress", "pk": 3, "fields": {"user": 5, "email": "sm4phs@virginia.edu", "verified": true, "primary": true}}, {"model": "socialaccount.socialapp", "pk": 1, "fields": {"provider": "google", "name": "Off Grounds Housing", "client_id": "827201834041-orbb546ekqnb6207i7b4dvga1es90ha9.apps.googleusercontent.com", "secret": "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", "key": "", "sites": [3]}}, {"model": "socialaccount.socialaccount", "pk": 1, "fields": {"user": 2, "provider": "google", "uid": "112005242168821321731", "last_login": "2021-11-16T02:29:49.716Z", "date_joined": "2021-10-14T20:08:14.235Z", "extra_data": "{\"id\": \"112005242168821321731\", \"email\": \"vinny.peng2000@gmail.com\", \"verified_email\": true, \"name\": \"Vinny Peng\", \"given_name\": \"Vinny\", \"family_name\": \"Peng\", \"picture\": \"https://lh3.googleusercontent.com/a-/AOh14GgPM2TSKsWcrk5AhdSV8jPgVk6f3JzFD-0_eLDQYQ=s96-c\", \"locale\": \"en\"}"}}, {"model": "socialaccount.socialaccount", "pk": 2, "fields": {"user": 4, "provider": "google", "uid": "108079294060556377018", "last_login": "2021-10-31T19:32:13.387Z", "date_joined": "2021-10-31T19:32:13.387Z", "extra_data": "{\"id\": \"108079294060556377018\", \"email\": \"katieshewell1@gmail.com\", \"verified_email\": true, \"name\": \"Katie Shewell\", \"given_name\": \"Katie\", \"family_name\": \"Shewell\", \"picture\": \"https://lh3.googleusercontent.com/a/AATXAJxVw_GR9yzZ66iT0Z6cXwdIQyXAiey7tZ_ULFAo=s96-c\", \"locale\": \"en\"}"}}, {"model": "socialaccount.socialaccount", "pk": 3, "fields": {"user": 5, "provider": "google", "uid": "104957541636555418899", "last_login": "2021-11-01T05:52:33.575Z", "date_joined": "2021-11-01T05:52:23.861Z", "extra_data": "{\"id\": \"104957541636555418899\", \"email\": \"sm4phs@virginia.edu\", \"verified_email\": true, \"name\": \"Shiva Manandhar\", \"given_name\": \"Shiva\", \"family_name\": \"Manandhar\", \"picture\": \"https://lh3.googleusercontent.com/a/AATXAJz5dewZisViE6befJ_DNeKEeu2Y4wMFfFfcRljS=s96-c\", \"locale\": \"en\", \"hd\": \"virginia.edu\"}"}}, {"model": "socialaccount.socialtoken", "pk": 1, "fields": {"app": 1, "account": 1, "token": "ya29.a0ARrdaM-r4fgPovxnLe4auh9NeFWCoHS5Du9u2ea13yirivKw3iXUjFYl0dT8X6RDJ4QQjsA95WpNNoAZEhvGqVUt4qNKJ2oqgaSlttMlNwnCZF3sOz1P7vm06jnCuJttWcGPjOCSz1lxqZJdpQjFK1UVd2Su", "token_secret": "", "expires_at": "2021-11-16T03:29:48.596Z"}}, {"model": "socialaccount.socialtoken", "pk": 2, "fields": {"app": 1, "account": 2, "token": "ya29.a0ARrdaM_v3eJEgr35aRDVc1tTHaJiCj1o1_DecptTV1iBtHzpxh1RoEiB8s_Fts8w9wJ99DK1kUK2qHBex4P31jzzjXWi7pp2m4U-Y0IkDX0UAO5Mz1T6Pm6--riPqmstr8zcPICqp9HrqxMrWy1YF1Oa_9yd", "token_secret": "", "expires_at": "2021-10-31T20:32:12.146Z"}}, {"model": "socialaccount.socialtoken", "pk": 3, "fields": {"app": 1, "account": 3, "token": "ya29.a0ARrdaM9aQg54kRueGTSGAuo9iOQWRV9j5iR1l5E3fhOtEL1U15m68clr6jTVVYvtgNllYpWSrWstCRTGu6vsalhiGiMxr0ET5OOV-un7z2SXrEgGFIxySLRYIdVGBMNuBg1FPQHolSN8DrGRkC9OvkFcAyx4", "token_secret": "", "expires_at": "2021-11-01T06:52:32.487Z"}}]
